Title;Ingredients;Steps;Loves;URL
gurame saus padang;Bahan utama: - 1 ekor gurame - Bumbu untuk saus: - 4 siung bawang putih (cincang halus) - 3 siung bawang merah (cincang halus) - 15 bh cabai merah (giling) banyaknya cabai sesuai selera yağŸ˜Š - 7 buah cabai rawit iris tipis (sesuai selera) - 1/2 bawang bombang iris - Saus tiram - Saus tomat - Garam - Gula - Lada - 1 bh wortel iris tipis memanjang (opsional) - 1 buah tomat potong dadu (opsional) - 1 batang irisan daun bawang - 1 ruas jahe ukuran kecil iris tipis - Tepung maizena - 250 ml air - Bumbu untuk menggoreng ikan : - Tepung beras - Tepung terigu - Garam - Jeruk nipis/ lemon - Minyak sayur - ;Cuci bersih ikan gurame yang akan dimasak. Setelah itu lumuri ikan dengan air perasan jeruk nipis/lemon diamkan beberapa menit untuk menghilangkan bau amisnya - Campur tepung terigu,tepung beras dan garam menjadi satu,kemudian lumuri ikan dengan tepung tersebut lalu goreng hingga matang lalu tiriskan. Pastikan minyak yang digunakan sudah panas ya biar ikannya tidak lengketğŸ˜Š. - Tumis bawang merah bawang putih hingga harum,kemudian masukan cabai yang sudah giling, aduk rata - Tambahkan bawang bombay,saus tiram saus tomat dan jahe, aduk sebentar lalu tambahkan 250ml air - Kemudian tambahkan garam dan gula sesuai selera. - Masukkan irisan cabai rawit dan daun bawang dan tomat. Aduk rata. Kemudian tambahkan larutan maizena agar saus mengental - Jika tidak ada tepung maizena. Diamkan beberapa menit hingga kandungan air menyusut dan saus terlihat mengental - Tes rasa. Jika sudah pas. Sajikan dan gurame saus padang siap disantap!ğŸ˜Š - ;2;/id/resep/4474009-gurame-saus-padang
ikan kembung bakar teflon;1/2 kg ikan kembung sate, bersihkan - 1 buah jeruk sate/jeruk kunci - 1 sdm garam halus - 2 sdt lada bubuk - 1 sdm ketumbar bubuk - ;Kucuri ikan dengan jeruk, diamkan 5 menit - Lumuri ikan dg garam, lada dan ketumbar bubuk, simpan d kulkas sekitar 30 menit - Bakar d atas teflon yg d olesi mentega/ butter tipis dengan api yg kecil - Balik untuk membakar kedua bagian ikan. - Sajikan dengan cocolan sambal kecap - ;2;/id/resep/4474225-ikan-kembung-bakar-teflon
mujaer asam pedas manis;1/2 kg ikan mujaer (stok gurame habis) - 2 buah Wortel potong korek api - 1 siung bawang bombai - 7 siung bawang putih - 13 cabai rawit - 4 siung bawang merah - 2 sendok makan Saos tomat - 2 sendok makan Saos tiram - Garam - Merica - 100 ml air matang - Jahe - Jeruk nipis - ;Bersihkan ikan sampai benar-benar bersih. Kerat-kerat dagingnya. Beri garam, merica, potongan jahe perasan jeruk nipis, dan 2 siung bawang uleg. Diamkan 10 menit - Uleg 5 bawang putih yang tersisa. Potong bawang bombai dan dan bawang merah dan cabai rawit. - Goreng ikan mujaer hingga matang, lalu sisihkan. - Tumis bawang merah dan bawang bombai hingga wangi, masukkan bawang putih uleg. Tumis hingga wangi. - Masukkan wortel, tambahkan air. Aduk-aduk. Tunggu hingga wortel hampir matang. - Masukkan saos tomat dan saos tiram. Beri perasan jeruk nipis. Aduk-aduk Koreksi rasa. Jika sudah pas, masukkan ikan, aduk sebentar saja. - Siap disajikan. - ;1;/id/resep/4473689-mujaer-asam-pedas-manis
gurame asam manis;1/2 kg ikan gurame - 2 buah wortel (potong seperti batang korek api) - Bumbu - 5 siung bawang merah - 4 siung bawang purih - 1 bh tomat - Cabe besar (selera brp j) - Cage kecil (selera brp j) - 2 sacet Saos sambel - Saos tomat (q pakek Saos botolan) - Bahan tambahan - Tepung maezena - Kunir - Garam, gula, merica ladaku - ;Uleg kunir sama garam kasih air lalu guraminya d rendam, diem in sekitar 10menitan lalu goreng gurame - Untuk Saos asam manis nya, gongso semua bumbu sampek harum, masukan wortel setelah itu kasih Saos Dan garam gula merica ladaku, rasain setelah pas rasanya baru masukan tepung meizena yg sudah d cairkan dengan air setelah mengental angkat - Tata gurame d atas piring siram saosnya Dan siap di santaaap... - ;5;/id/resep/4473428-gurame-asam-manis
asam padeh ikan tuna;1/2 kg ikan tuna - 6 siung bawang merah - 4 siung bawang putih - 2 ruas kemiri - 2 batang serai - 2 ruas kunyit - 2 ruas laos - 4 lembar daun jeruk - 1 lembar daun kunyit - 2 buah asam Kandis - 4 buah belimbing hulu - 6 buah cabai merah (bisa disesuaikan) - 10 buah cabai rawit (bisa disesuaikan) - 3 gelas air - 2 sendok garam - 1/2 sendok gula - ;Haluskan bumbu (cabai merah, kemiri, bawang, kunyit, Laos) - Tumis bumbu sampai berubah warna - Tambahkan air - Masukkan serai yg sudah di geprek, daun kunyit, daun jeruk, asam Kandis, belimbing hulu, dan cabai rawit utuh (tdk dihaluskan dan tdk dipotong) - Tunggu sampai mendidih - Setelah mendidih, masukkan ikan tuna (sudah dicuci bersih dan diberi air perasan jeruk) - Kemudian beri garam dan gula secukupnya - Tunggu sampai air sedikit berkurang dan mengental - Asam padeh ikan tuna siap disajikan - ;7;/id/resep/4473138-asam-padeh-ikan-tuna
avocado tuna salad;1 kaleng Tuna Chunks - 2 butir telur rebus - 3 buah kentang rebus - 2 buah avocado - 2 buah bawang merah - 12 biji zaitun - 1 buah timun - Sebongkol daun salada/lettuce - secukupnya Garam & merica - ;Campur semuanya dalam baskom, kecuali biji zaitun, telur rebus. Lalu tambahkan garam & merica - Tuang dalam piring saji, atur irisan telur & biji zaitun. Siap disajikan. - ;0;/id/resep/4473223-avocado-tuna-salad
lele asam manis;1/2 kg Lele Segar - 180 ml air - 3 sdm kecap manis - 1 sdm margarine/minyak - 1/2 sdt saus tiram (optional) - Bumbu halus : - 6 siung bawang merah - 5 siung bawang putih - 4 cabe merah (bisa lebih sesuai selera) - 2 buah kemiri - 1 sdt garam (sesuai selera) - 1/2 sdt penyedap rasa (sesuai selera) - 1/2 sdt gula pasir (sesuai selera) - ;Cuci bersihbikan, lalu goreng ikan lele agak matang tapi jangan sampai renyah. Tiriskan - Sambil menunggu, haluskan semua bumbu di atas. - Panaskan wajan dengan margarin. - Masukkan bumbu halus ke dalam wajan sampai harum. Tambahkan kecap, saus tiram dan air - Setelah berbau harum, barulah ikan lele dimasukkan. - Tunggu sampai bumbu meresap serta tes rasa. Setelah air tnggal sedikit, angkat dan sajikan.. Semoga membantu.. - ;0;/id/resep/4473217-lele-asam-manis
pempek kulit ikan tenggiri;500 gr kulit ikan tenggiri halu - 200 cc air matang - 1 sdt garam - 1 sdt Penyedap/ kaldu jamur - 1/2 sdt merica - 1/2 sdt gula - 60 ml santan kental - 5 siung bawang putih - 5 siung bawang merah - 350 gr sagu tani - 2 sdm terigu - 100 gr sagu untuk balur - ;Aduk ikan tambahkan air sedikit demi sedikit bersamaan dgn garam - Masukkan terigu bersama santan - Masukkan sagu - Balurin tangan dgn sagu bentuk adonan dgn sendok makan - Letakkan di piring yg ditabur sagu - Goreng minyak panas sampai mengembang - Dinginkan - Potong2 lalu goreng - Siap menggoyang lidah sajikan dgn cuko - ;6;/id/resep/4472657-pempek-kulit-ikan-tenggiri
tumis tongkol petai;2 bungkus tongkol - 2 cabe gendot - 2 papan petai - 2 cabe rawit - 2 bh cabe merah - 3 bh b. Merah - 3 bh b. Putih - 2 lembar daun salam - Secukupnya garam - Secukupnya gula putih - ;Cuci bersih ikan tongkol, goreng sebentar - Iris b. Merah, b. Putih, cabe merah, cabe rawit, cabe gendot. Tumis - Masukan petai, tambahkan sedikit air. Masukan garam, gula pasir. Cek rasa. Sajikan - ;6;/id/resep/4472513-tumis-tongkol-petai
ikan patin pedas manis;500 gr ikan patin - 5 siung bawang merah iris tipis - 4 siung bawang putih iris tipis - 1/2 bawang bombay ukuran kecil iris tipis - Cabai merah keriting (sesuai selera) iris tipis - Cabai rawit setan (sesuai selera) biarkan utuh - 1 ruas lengkuas digeprek - 2 lembar daun jeruk - 2 sendok makan kecap - 3 batang bawang daun iris tipis - ;Ikan patin yang sudah dicuci bersih, dilumuri garam kemudian digoreng setengah kering - Tumis irisan bawang merah, putih, bombay dan cabai sampai dengan harum - Masukkan ikan yang sudah digoreng sebelumnya, kemudian tambahkan sedikit air - Masukkan kecap, lengkuas, daun jeruk, garam dan gula. Koreksi rasa - Biarkan sampai dengan meresap ke dalam daging ikan, setelah benar2 meresap terakhir masukkan irisan bawang daun dan cabai rawit setan, kemudian angkat dan sajikan - ;0;/id/resep/4472909-ikan-patin-pedas-manis
gurame tahu tauco;1 ekor gurame - 1 buah tahu kotak - 1 buah jeruk nipis - 1 buah bawang bombay - 3 siung bawang putih - 1 jari jahe - 3 buah cabe hijau besar buang biji - 2 buah cabe merah besar - 5 sdm tauco - Kecap asin - Kecap manis - Saos tiram - Minyak wijen - 1 sdt Angciu - ;Balurin gurame dgn jeruk nipis goreng - Goreng tahu kotak 2 - Tumis bawang 2 ngan masukkan tauco - Masukkan kecap dll - Tambahkan sedikit air - Siap disajikan test rasa kurang asin tambah garam ya kl tauconya asin gak usah pake garam lg - ;4;/id/resep/4472819-gurame-tahu-tauco
ikan patin;5 potong Ikan patin - 1 buah Jeruk nipis - 1 buah Tomat uk. sedang - 3 buah Cabai hijau keriting (boleh lebih) - 2 buah Cabai rawit/ cengek (boleh lebih) - 1 batang serai (geprek) - 1/2 ruas Lengkuas (geprek) - Bumbu-bumbu dihaluskan - 8 siung Bawang merah - 2 siung Bawang putih - 5 buah Kemiri - 1 sdt Kunyit bubuk - 1 buah Cabai merah besar - Nb: Jika hoby pedas, tambahkan cabai sesuai selera masing-masing ğŸ˜Š - ;Cuci bersih dan lumuri ikan dengan garam, perasan jeruk nipis selama 15 menit. - Potong dan iris-iris tomat, cabai merah kecil, cabai rawit hijau dan lengkuas (geprek). - Haluskan bumbu - bumbu seperti bawang merah, bawang putih, kemiri, kunyit, cabai merah besar. - Tumis bumbu-bumbu halus serta cabai, serai, lengkuas dan tomat. - Kemudian masukkan ikan patin. Aduk-aduk rata dan masukkan air 250 ml. Aduk2 tercampur smw dan diamkan hingga air menyusut (bumbu-bumbu meresap). Masukkan garam, test rasa. - Angkat dan Sajikan...ğŸ˜„ - ;4;/id/resep/4467693-ikan-patin
2. gulai ikan kakap merah khas padang;2 ekor Ikan Kakap merah ukuran agak besar, potong 2 - 1/2 papan Tempe - Bumbu Halus : - 10 siung Bawang merah - 5 siung Bawang putih - 4 cm Jahe - 4 cm Kunyit - Bahan tambahan : - 2 sdm Cabe giling halus - 2 lbr Daun kunyit - 8 lbr Daun jeruk - 2 btg Sereh - 4 lbr Daun salam - 4 bh Asam kandis - Daun ruku ruku segenggam (bisa diganti daun kemangi) - 15 butir Rawit merah - 200 ml Santan kara - 500 ml Air - ;Tumis bumbu halus, cabe giling halus, daun kunyit, daun jeruk, daun salam, sereh dan asam kandis. - Masukkan santan cair (santan kara sebagian besar cairkan dengan air 500 ml sisanya di masukkan terakhir), daun ruku ruku dan cabe rawit. - Masukkan ikan, tempe, tunggu hingga mendidih kurang lebih 15 menit dengan api kecil. - Masukkan sisa santan kara yang masih kental, aduk2 sampai mendidih kembali. - Matikan api dan siap di sajikan. - ;5;/id/resep/4472347-2-gulai-ikan-kakap-merah-khas-padang
gurame crispy asam manis ala amih fatih;Bumbu ikan : - 1 ekor ikan gurame fillet - 1 buah jeruk nipis - 1 sdt lada bubuk - 1/2 sdt garam - 1 siung bawang putih - 1 pack tepung serbaguna pedas - 1 buah telur kocok lepas - Saus : - 1 buah bawang bombay iris - 1 buah bawang putih iris - 1 buah wortel potong sesuai selera - 1 sdm saus tiram - 5 sdm saus tomat - 6 sdm saus sambal - secukupnya Gula - secukupnya Garam - secukupnya Lada - secukupnya Air - ;Cuci bersih ikan gurame filletnya - Campurkan sampai merata ikan dengan perasan jeruk nipis, bawang putih, garam, lada - Diamkan 15-20 menit - Siapkan mangkok berisi telur yg sudah di kocok - Siapkan tepung serbaguna - Bila ikan sudah meresap, ambil ikan tersebut celupkan ke dalam telur lalu baluri dengan tepung serbaguna. - Panaskan minyak untuk menggoreng. Masukan ikan yg sudah dilumuri tepung, goreng dengan api sedang sampai warna berubah kecoklatan - Angkat dan sisihkan dulu - Selanjutnya panaskan minyak untuk menumis. - Masukkan bawang putih, bawang bombay. Masak hingga harum - Lalu masukkan saus tiram, saus tomat, saus sambal, air secukupnya. Aduk hingga rata - Masukkan gula, garam, lada, tes rasanya apakah sudah sesuai. - Masukkan wortel hingga matang. - Aduk terus supaya tidak gosong - Bila sudah matang angkat dan taruh di mangkok. - Sajikan ikan dengan dicocol saus asam manisnya atau disiram di atas ikannya - ;7;/id/resep/4472654-gurame-crispy-asam-manis-ala-amih-fatih
balado tongkol & tahu;1 buah ikan tongkol sedang (iris menjadi 10 Bagian) - 5 buah tahu ukuran lecil - 2 lembar daun jeruk - secukupnya Gula & garam - Bumbu halus : - 5 buah bawang merah - 2 buah bawang putih - 10 Cabe Merah - 5 cabe rawit - 1 buah tomat - 1 buah Gula merah ukuran sedang - ;Bersihkan tongkol yang sudah di iris. Goreng sampai matang. - Potong dadu tahu (ukuran kecil), goreng hingga kering. - Tumis bumbu yang sudah dihaluskan hingga wangi, masukkan daun jeruk, gula dan garam. Masukan air secukupnya. - Masukkan tongkol & tahu yang sudah digoreng. diamkan hingga mendidih & bumbu meresap. - Sajikan dan siap dihidangkan. ğŸ˜‰ - ;1;/id/resep/4472474-balado-tongkol-tahu
balado ikan sarden;5 ekor ikan sarden - Jeruk nipis - secukupnya Garam - Bumbu balado - 15 buah Cabe keriting - 5 siung bawang merah - 1 buah tomat - secukupnya Garam + gula + penyedap rasa - ;Bersihkan ikan lalu lumuri dengan jeruk nipis dan garam dan biarkan 5 menit sampai garam meresap - Goreng ikan sampai garing.lalu tiriskan - Untuk membuat bumbu balado. Haluskan semua bumbu lalu tumis sampai masak dan keluar minyak. - Masukan garam gula dan penyedap rasa lalu koreksi rasa - Masukan ikan goreng tadi ke dalam bumbu balado, aduk sebentar lalu tiriskan. - Dan jadi ikan sarden balado - ;1;/id/resep/4472671-balado-ikan-sarden
ikan nila (saos pedas asam manis);1 ekor ikan nila ukuran jumbo - 1 ons Selada - 3 batang buncis (di potong panjang) - 1 buah kentang (di bagi 4) - 1/2 wortel (di potong korek api) - Bahan saos : - 1 bawang bombay ukuran kecil - 3 siung bawang putih - 7 sdm saos sambal - 5 sdm saos tomat - 3 sdm saos tiram - 1 sdt garam - 1 sdt lada / merica bubuk - Minyak goreng - 4 gelas air - ;Panas kan minyak goreng - Masukkan ikan nila sampai terendam seluruhnya - Goreng sampai kecoklatan dan matang - Angkat dan tiriskan - Rebus kentang wortel dan buncis dengan 3 gelas air dan 1/2 sdt garam - Angkat dan tiriskan rebusannya - Cara membuat saos : - Geprek dan cincang bawang putih, iris bawang bombay - Tumis bawang putih dan bawang bombay dengan sedikit minyak sampai harum - Masukkan saos tomat, saos sambal, dan saos tiram - Masukkan segelas air - Masukkan 1/2 sdt garam dan lada/merica bubuk - Masak hingga mendidih - Tata ikan dalam piring sesuai selera, letakkan ikan nila yg sudah di goreng dan siram dengan saos pedas asam manis - Selesai - ;1;/id/resep/4472502-ikan-nila-saos-pedas-asam-manis
sarden kangkung ğŸ˜˜;1 kaleng ikan sarden(botan) - 1 gengam kangkunng (pucuknya saja, cuci bersih) - 4 siung bawangputih(iris) - 5 siung bwng mrah(iris) - sesuai selera Cabe rawit - 1 btng daun bwang(iris) - 1 btng sereh(gprek) - 2 ruas jari jahe(geprek) - 2 lbar daun jeruk - secukupnya Garam - secukupnya Royco - secukupnya Gula - secukupnya Kecap - secukupnya Air - Minyak untuk menumis bumbu - 1 kaleng ikan sarden(botan) - 1 gengam kangkunng (pucuknya saja, cuci bersih) - 4 siung bawangputih(iris) - 5 siung bwng mrah(iris) - sesuai selera Cabe rawit - 1 btng daun bwang(iris) - 1 btng sereh(gprek) - 2 ruas jari jahe(geprek) - 2 lbar daun jeruk - secukupnya Garam - secukupnya Royco - secukupnya Gula - secukupnya Kecap - secukupnya Air - Minyak untuk menumis bumbu - ;Tumis semua bumbu sampai harum, masukan ikan sarden, tambahkan air, lalu royco,gula,garam,dan kecap, setelah men ddih, masukan kangkunh, masak sampai kangkung matang, tes rasa lalau angkat dan sajikan - Nikmat d makan dengan nasi hangat - Nikmat d makan dengan nasi hangat - ;2;/id/resep/4472300-sarden-kangkung-%F0%9F%98%98
bandeng presto;3 kg bandeng,bersihkan - Bumbu halus : - 3 ruas jari kunyit - 5 buah bawang merah - 7 buah bawang putih - 1 ruas jahe - 1/2 sdt ketumbar - Secukupnya garam - Bumbu cemplung - 2 ruas lengkuas - 2 lembar daun salam - 1 batang serai - 2 lembar daun jeruk - Secukupnya air - Secukupnya kocokan telur - ;Susun bandeng dalam panci presto.tambahkan bumbu halus dan bumbu cemplung.tambah kan air secukupnya sampai smua ikan terendam. - Masak selama 1,5 jam.dinginkan.potong2 dan goreng dengan balutan telur - ;4;/id/resep/4472365-bandeng-presto
1. pesmol ikan kerapu;3 ekor ikan kerapu potong 2 - Bumbu halus : - 8 siung Bawang merah - 4 siung Bawang putih - 3 cm Jahe - 3 cm Kunyit - 6 butir Kemiri - Bumbu pelengkap : - 6 lbr Daun jeruk - 4 lbr Daun salam - 1 btg Sereh - Lengkuas 3 cm (digeprek) - Cabe rawit 15 bh (sesuai selera) - 1 bh Tomat kecil - 1 bh Wortel kecil - 2 btg Daun bawang - Jeruk nipis 1 butir (ambil airnya) - Air 100 ml (dapat ditambah jika ingin agak berkuah) - Garam - Gula - ;Bersihkan ikan kerapu, beri garam, goreng kering - Tumis bumbu halus, daun jeruk, daun salam, sereh dan lengkuas sampai harum. - Masukkan wortel dan cabe rawit masak sampai wortel dan cabe agak lunak. - Masukkan air, air jeruk nipis, garam dan gula. Masak sampai mendidih. - Masukkan ikan yang sudah di goreng. - Masak sampai air agak menyusut, masukkan tomat dan daun bawang. Masak sebentar. Angkat dan sajikan ğŸ˜‰ - ;3;/id/resep/4472263-1-pesmol-ikan-kerapu
mujair bumbu pepes;5 bh mujair uk sedang - 5 btr bawang merah - 2 siung bawang putih - 1 cm jahe - 2 btr kemiri - 1 sdt kunyit halus - 7 bh cabe rawit - 1 lbr daun kunyit sobek sobek - 1 bh tomat potong kecil kecil - ;Haluskan semua bumbu kecuali kunyit dan daun kunyit, - Tumis semua bumbu dengan 4 sdm minyak beri air sedikit aduk,biarkan bumbu sampai matang, - Bila bumbu sudah matang, masukkan ikan yg sudah dibersihkan,aduk sampai ikan terbalut bumbu, diamkan sesaat, beri tomat dan air 1 gls masak ikan sampai matang dan kuah mengering dengan membalik 1x, tutup,koreksi rasa, sajikan mujair bumbu pepes hangat ataupun dingin - Met mencoba yaa - ;1;/id/resep/4472221-mujair-bumbu-pepes
ikan dencis bumbu sarden pedas nyemek-nyemek;9 ekor ikan dencis sebesar setengah telapak tangan yg digoreng - 9 butir telur puyuh yg sudah di rebus - 1 ons terong ungu (ganti tahu/kentang) di goreng layu - Bumbu halus : - 1 ons cabe merah - 15 butir cabe rawit - 1 butir kemiri - 2 ons tomat merah - 7 siung bawang putih - 10 siung bawang merah - 1/2 sdt merica putih - Bumbu yg di iris-iris : - 1 ons tomat merah - 6 butir cabe rawit belah dua - 5 buah cabe merah besar - 2 ons bawang bombay - 1 lembar daun jeruk koyak jadi dua - Minyak untuk menumis - 200 ml Air - secukupnya Garam - Gula diabetasol setengah bungkus (opsi,, bisa pake gula biasa) - 1/2 sdm saus cabe - Penyedap (opsi) - ;Haluskan semua bumbu halus, sehalus-halusnya. Tumis hingga benar-benar tanak. - Masukkan ikan dan terong yg sudah di goreng. Telur belakangan yaaa! - Masukkan bumbu yg diiris, gula, garam, saus, penyedap. - Masukkan air serta daun jeruk. - Ketika hampir tanak masukkan telur. - Setelah tanak, angkat dan sajikan ğŸ˜Šâ˜ºï¸ -  - ;2;/id/resep/4471955-ikan-dencis-bumbu-sarden-pedas-nyemek-nyemek
sambal ikan lele;1/2 kg ikan lele (cuci bersih potong jd beberapa bagian) - 10 buah cabe merah keriting - 5 buah cabe rawit - 2 buah tomat ukuran sedang - 4 siung bw.merah - 3 siung bw.putih - 2 biji kemiri - 1 cm jahe - 1 cm Terasi bakar - 1 bauh Jeruk sambal kecil - secukupnya Gula merah - Garam - Sedikit pucuk daun kemangi - ;Cuci bersih ikan lele (tips biar lele gak licin waktu mencuci tambahkan sedikit air panas dan air utk mencuci agar lendir berkurang) potong mjd beberapa bagian. - Balut ikan dengan bumbu racik ikan goreng beri sedikit perasan jeruk nipis. (Klo gaada bisa pake lada&garam) - Rebus cabai dan tomat hingga layu(agar mudah di haluskan). Sembari menunggu haluskan bw.merah,bw putih,kemiri,jahe,trasi bakar dan gula merah. Lalu haluskan bersama cabai dan tomat yg sudah di rebus. Beri irisan jeruk sambal. - Goreng lele sampai kering. Lalu tiriskan - Tumis sambal/bumbu yg sudah di haluskan sampai harum dan matang (lebih enak pakai minyak bekas menggoreng ikan lele) beri sedikit garam, Masukan kemangi dan lele yg sudah di goreng. - Tes rasa dan sajikan. - ;5;/id/resep/4471791-sambal-ikan-lele
ikan cucut sambal pedas pake pete;3 ikan cucut ukuran sedang - 5 butir pete - 2 butir bawang merah - 1 butir bawang putih - 1 butir tomat - 1 lembar daun salam - 3 butir cabe keriting - 3 butir cabet rawit (sesuai selera) - Garam, penyedap & gula putih secukup nya - ;Rendam dahulu ikan cucut kurang lebih sampe 15 menit agar tidak terlalu asin bila d masak - Goreng ikan cucut smpe setengah mateng - Ulek cabe keriting,cabe rawit,bawang merah,bawang putih, dan tomat sampe halus - Tumis bumbu tersebut hingga harum - Lalu campurkan garam penyedap gula salam dan pete,bisa d tambah kan air secukup nya - Masukan ikan cucut sampe bumbu nya meresap - Lalu hidangkan - ;5;/id/resep/4471645-ikan-cucut-sambal-pedas-pake-pete
nila goreng sambal matah;Fillet Nila - Jeruk Lemon - Bumbu Kuning Halus - Ketumbar - Merica - Garam - Daun Jeruk - Cabe Rawit Merah - Cabe Rawit Hijau - Bawang Merah - Minyak - Bahan Membuat Bumbu Kuning Halus: - 3 Siuang Bawang Merah - 2 Siung Bawang Putih - 1 Kunyit - ;Siapkan nila fillet (bisa diganti dengan dori/gurame), lumuri dengan perasan jeruk lemon minimal 15 menit. - Lumuri dengan bumbu kuning halus, ketumbar bubuk, merica dan garam. Bila tidak ada bumbu kuning siap pakai, bisa membuat dari bawang merah 3, bawang putih 2, kunyit 1 lalu diblender. Diamkan selama 15-30 menit. - Goreng ikan hingga matang lalu sisihkan. - Iris daun jeruk, serai, cabe rawit merah, cabe rawit hijau, bawang merah. Lalu siram menggunakan minyak panas, aduk dgn sedikit ditekan. Lalu tuang ke atas ikan. Siap disajikan. - ;7;/id/resep/4471725-nila-goreng-sambal-matah
salmon (tetelan) teriyaki;250 gr tetelan salmon mentah - 1/2 bagian jeruk lemon (peras airnya, sisihkan dgn buahnya) - 2 ruas jahe (kupas, cuci bersih & digeprek) - 500 gr jamur kuping (cuci bersih & iris tipis) - 7 batang baby corn (cuci bersih & iris tipis) - 1/4 bagian paprika hijau (cuci bersih & iris tipis) - 6 cabe rawit (cuci bersih & iris kecil-kecil) - 5 sdm kecap manis - 1 sdm saus tiram Saori - 3 sdm saus teriyaki Saori - 1 siung bawang bombay kecil (cuci bersih & iris tipis) - 4 butir bawang putih (cuci bersih, digeprek & iris tipis) - 6 butir bawang merah (cuci bersih & iris tipis) - 2 sdt garam - 2 sdt lada putih - 1/4 sdt lada hitam - 750 ml air - 1 ruas ibu jari lengkuas (kupas, cuci bersih & digeprek) - 3 sdm minyak goreng - ;Panaskan 500 ml air. Masukkan air perasan jeruk lemon, buah lemon pasca diperas & 1/2 ruas jahe. Biarkan sampai mendidih. - Masukkan tetelan salmon, rebus hingga matang & bau amis menghilang (sekitar 20-25 menit dengan api sedang). Tambahkan 1 sdt garam & 1 sdt lada putih. - Matikan kompor, tiriskan salmon yang sudah matang. - Panaskan minyak goreng dengan api sedang. Tumislah bumbu (bawang putih, bawang merah, bawang bombay) hingga berbau harum. Masukkan paprika hijau & cabe rawit, tumis hingga baunya menyatu. - Tambahkan kecap manis,saus teriyaki & saus tiram. Masukkan tetelan salmon matang, tumis bersama bumbu hingga berubah warna kecoklatan (tanda sudah menyatu dengan bumbu). - Masukkan irisan jamur kuping & baby corn, tumis hingga jamur layu & baby corn menyatu dengan bumbu. Tambahkan 250 ml air, tunggu sampai jamur & baby corn matang. - Kecilkan api ketika air sudah makin surut, masukkan 1,5 ruas jahe & 1 ruas lengkuas. Tambahkan 1 sdt garam, 1 sdt lada putih & 1/4 sdt lada hitam. - Matikan api & pindahkaan masakan dari teflon ke piring saji. Tetelan salmon teriyaki siap disajikan bersama nasi merah hangat. - ;6;/id/resep/4471381-salmon-tetelan-teriyaki
dadar telor ikan tongkol;1 ikan tongkol - 2 butir telor - 1 ikat daun bawang - 1/2 sdt garam - ;Goreng ikan tongkol setengah matang lalu suwirÂ² - PotongÂ² bawang daun lalu campur semua kocok jadi satu dalam wadah - Goreng sesendokÂ² klo dah kuning keemasan angkat lalu tiriskan, soap disajikan sebagai lauk sayur asem cucok banget - Bisa jg langsung digoreng jadi satu pas nanti dipotongÂ² sesuai selera, selamat mencoba moms ğŸ˜Š - ;2;/id/resep/4471290-dadar-telor-ikan-tongkol
31. lele goreng krenyes no amis;1/2 kg lele sayat sisinya - 1 buah jeruk nipis - Minyak goreng secukupnya untuk menggoreng lele - Bumbu halus - 3 siung bawang putih - 2 siung bawang merah - 1 cm ruas kunyit - 1 sdt ketumbar bubuk - secukupnya Garam - ;Bersihkan lele dan buang isinya, lalu Haluskan bumbu yg ada lalu tambahkan sedikit air - Masukkan lele kedalam bumbu lalu tambahkan perasan air jeruk nipis k seluruh bagian lele - Diamkan lele -+30 menit - Panaskan minyak di penggirengan lalu goreng lele hingga bener2 kering - Angkat lele lalu tiriskab - Siap dihidangkan - ;5;/id/resep/4471282-31-lele-goreng-krenyes-no-amis
pindang patin;1 kg ikan patin - 7 buah cabe rawit merah - 7 buah cabe merah keriting - 5 siung baput - 5 siung bamer - 1 sendok makan lada - 4 buah kemiri - 5 buah cengkeh - 2 buah trasi (sy pke abc) - 3 lembar daun salam - 4 lembar daun jeruk - 3 batang serai - 3 buah tomat - 1 sendok teh asam jawa - 2 ruas jahe (sebesar ibu jari dewasa) - 2 ruas lengkuas - 1 ikat kemangi - 2 batang daun bawang - 2 sendok kecap manis - 1 buah gula merah - secukupnya Garam - secukupnya Penyedap rasa - 1 sendok teh gula putih - ;"Bersihkan ikan patin,potong"" sesuai selera.sisihkan - Haluskan baput,lada,kemiri,cengkeh,trasi. - Potong"" cabe rawit,cabe merah,tomat,daun bawang,jahe,bamer.serai dan lengkuas digeprek - Tumis bamer sampai harum.kemudian masukan bumbu yg sudah dihaluskan.tumis sampai harum,masukan serai,lengkuas,cabai,daun salam,daun jeruk,kecap,asam jawa,aduk rata - Masukan ikan patin,garam,penyedap rasa,gula merah n putih,aduk rata. - Tambahkan air sesuai selera.masak kira"" 15 menit - Setelah 15 menit dan dirasa sdh matang masukan daun bawang,tomat & kemangi.aduk rata - Koreksi rasa,angkat & sajikan - ";2;/id/resep/4469387-pindang-patin
pepes aceh ikan tongkol;1/2 kg anak ikan tongkol - 2 btg serai, rajang halus - Segenggam cabe rawit utuh utk taburan - 1 tangkai daun temurui (ambil daunnya) - Segenggam belimbing wuluh, potong serong - 5 lbr daun jeruk, rajang - 2 sendok mkn bawang goreng - Bumbu ygdihaluskanğŸ€ - 20 bh cabe Rawit (pedas sesuai selera) - Seruas kunyit - 2 genggam asam sunti - 7 siung bawang merah - 4 siung bawang putih - 1/2 sendok jinten - Penyedap (optional) - ;Cuci bersih ikan,kucuri dgn jeruk nipis dan garam - Haluskan bumbu, lalu tumis bumbu hingga harum beri sedikit garam, gula dan penyedap - Campur bumbu yg sdh ditumis td ke dlm ikan, aduk rata - Tambahkan, rajangan sereh, belimbingwuluh, cabe rawit,daun temurui dan bawang goreng, aduk hingga bumbu merata - Bungkus dgn daun pisang ikan yg sdh dibumbui td, lalu kukus hingga matang. - Terakhir panggang pepes di teflon sebentar sambil dibolak balik, Angkat dan sajikan - ;4;/id/resep/4460348-pepes-aceh-ikan-tongkol
tuna tepung siram saus;1/2 kg ikan tuna - 1 bawang bombai - 1 bks Tepung sebaguna - 2 lbr daun salam - Saus tomat - Saus sambal - 5 bawang merah - 3 bawang putih - 3 cabai keriting - sesuai selera Lada bubuk - Penyedap makanan - Garam - Gula - 200 ml air - ;Potong ikan seperti dadu, baluri tepung yang sudah di beri air sedikit - Goreng tuna Tepung hingga matang - Iris duo bawang dan cabai serta iris kasar bawang bombai - Tumis bumbu iris sampai harum, masukkan saus tomat, saus cabe, lada bubuk, iris an bawang bombai garam, gula, penyedap, dan air. Biarkan sampai mendidik lalu masukkan Tina tepung yang sudah di goreng. Diamkan sebentar dan siap di hidangan :) - ;6;/id/resep/4468552-tuna-tepung-siram-saus
ikan dencis bumbu kuning cabe rawit;500 gr ikan dencis - secukupnya Daun prei - secukupnya Garam - ğŸŒ¸Bumbu halus - 5 siung bawang merah - 3 siung bawang putih - secukupnya Kemiri (kira2 3 buah) - kunyit seujung ruas jari (sedikit saja) - jahe sedikit saja - Iris ğŸŒ¸ Bumbu - secukupnya Cabe rawit - tomat setengah buah, potong dadu - ;Ikan di bersihkan, di siangi. Lalu cuci bersih - Panaskan minyak (sampai benar-benar panas). Goreng ikan dengan deep fry agar tidak lengket di penggorengan. - Blender bumbu halus (bawang putih, bawang merah, kemiri, jahe) - Cabe rawit di iris belah dua dan tomat di potong dadu - Tumis bumbu halus sampai matang dan harum. - Setelah matang dan harum, masukkan cabe rawit dan tomat. - Jangan tambahkan garam dan gula. - Tambahkan sedikit air, cek rasa apakah garam dan gula sudah pas. - Masukkan ikan dencis yang telah goreng. Ratakan dengan bumbu. Tambahkan irisan daun prei. - Ikan dencis bumbu kuning cabe hijau siap di hidangkan.. - ;3;/id/resep/4465770-ikan-dencis-bumbu-kuning-cabe-rawit
bandeng keropok;2 bandeng ukuran sedang - Bumbu halus: - 1 sdt ketumbar - 1 bw putih - 1/2 sdt garam - Secukupnya air(utk mencairkan bumbu halus) - Minyak (utk menggoreng) - Sambal: - 6 cabe rawit(selera pedasnya) - 1 bw putih - 1/2 sdt terasi - 1 iris jeruk nipis - 2 sdm kecap manis - 3 cabe rawit iris halus - ;Bersihkan bandeng, dikerat agak banyak kemudian dibalur dengan bumbu halus yg sdh dicampur air, diamkan 10 mnt spy bumbu meresap. - Setelah bumbu meresap,goreng jng terlalu kering. Sisihkan - Utk sambal, haluskan cabe, bw putih&terasi - Campur sambal dengan kecap manis, tambah perasan jeruk nipis&cabe iris.aduk rata. - Penyajian: tambahkan sambal diatas bandeng goreng ketika akan dihidangkan. Selamat mencoba. - ;8;/id/resep/4466390-bandeng-keropok
nila goreng sambal matah;3 ekor ikan nila, ukuran sedang - 2 siung bawang putih - 1 ruas jari kunyit - 1 sdt ketumbar halus - secukupnya Garam - Minyak untuk menggoreng - Sambal matah: - 10 siung bawang merah - 30 biji cabe rawit apa aja - 1 buah jeruk nipis - secukupnya Royco - secukupnya Minyak goreng panas - ;"Cuci bersih ikan. - Uleg bawang putih dan kunyit, lalu lumuri ikan dgn bawang putih dan kunyit yg sudah halus tdi, tambah ketumbar dan garam secukupnya, diamkan slama 30 menit agar meresap k ikan. - Setelah 30 menit lalu goreng ikan. - Menunggu ikan matang kita bikin sambal matahnya, iris tipis bwang merah dan cabe rawit piringkan, - Iris dua bagian jeruk nipis, (klo yg doyan asem sih boleh satu biji jeruk nipis'a), lalu peras k dlam irisan bawang dan cabe tdi, masukan royco dan tuangkan mnyak goreng yg panas, atau yg sedang d pakai menggoreng ikan, kira""3/4 sendok makan, lalu tekan"" cabe dan bawangnya. - Ikan goreng sambal matah siap d sajikan.ğŸ˜‰ - ";1;/id/resep/4468684-nila-goreng-sambal-matah
sop ikan patin;1/2 kg ikan patin - 4 siung bawang merah - 3 siung bawang putih - secukupnya Lada - seruas jahe - seruas kunyit - seruas lengkuas - salam sereh - daun jeruk - daun bawang - daun sledri - tomat - secukupnya wortel - secukupnya garam - secukupnya gulpas - secukupnya bubuk kaldu - jeruk nipis - ;Cuci bersih ikan patin lumuri dengan garam dan jeruk nipis - Iris tipis bamer dan baput - Tumis bamer, baput, daun salam, sereh, daun jeruk, jahe kunyit dan lengkuas yang dimemarkan - Masukkan air ke dalam tumisan bumbu secukupnya. masak hingga air mendidih - Masukkan gula garam bubuk kaldu, daun bawang, seledri, koreksi rasa - Masukkan ikan patin dan tomat - Masak hingga matang - ;0;/id/resep/4468142-sop-ikan-patin
steak tenggiri perdana;250 gr tenggiri fillet - 1 siung bawang putih haluskan - 1 bh jeruk nipis ambil airnya - 1 sdm minyak wijen - lada - garam - Bahan saos : - 2 siung bawang putih haluskan - 1 bh bawang Bombay kecil iris - 1 sdm kecap ikan - 1 sdm kecap manis - 1 sdt saos tiram - 1 sdm minyak wijen - ;Cuci bersih ikan kemudian marinasi dg bumbu,diamkan selama 15mnt atau sampai bumbu meresap lalu panggang diteflon dg api kecil #ga punya grillğŸ˜ panggang sampai matang - Sambil menunggu ikan matang,kita buat saosnya, panaskan minyak lalu tumis bawang putih sampai harum,lalu masukkan secara bersamaan sikecap2 tadi - Setelah ikan matang,tata dipiring saji dan siapkan utk menu makan malam...ğŸ˜ƒ sajikan bersama sayuran rebus sesuka hati ğŸ˜„ - ;7;/id/resep/4462645-steak-tenggiri-perdana
otak-otak ikan tengiri;1/4 ikan tengiri - 200 gr tepung terigu - 50 gr tepung kanji - 3 siung bawah putih - 5 siung bawang merah - 2 batang daun bawang - 1 shacet masako rasa sapi - 1 butir telur ayam - ;Giling daging ikan tengiri sampai halus (sesuai selera) - Giling bawang merah dan putih - Sisir daun bawang tipis-tipis - Kocok telur dalam wadah - Campurkan bahan ke 4 dalam wadah - Aduk hingga rata, campurkan masako,garam,gula. - Setalah tercampur semua, masukan ke adonan kedalam plastik. Jika sudah gunting ujung plastik. - Siapkan air mendidih, masukan adonan yg d plastik dengan cara pencet perlahan plastik hingga membentuk lonjong. - Jika sudah mengapung, tiriskan - Tunggu 3-5 menit, otak-otak siap untuk di goreng - ;6;/id/resep/4467776-otak-otak-ikan-tengiri
gulai ikan mas kacang panjang;2 ekor ikan mas, bersihkan. Beri jeruk nipis dan garam - Secukupnya kacang panjang - 1 sachet santan instan - secukupnya Air - Bumbu halus: - 4 bawang merah - 2 bawang putih - 2 kemiri - 1/2 sdt ketumbar - Salam,sereh,daun jeruk,jahe geprek,laos geprek - Sedikit minyak untuk menumis - secukupnya Gula garam - Tambahan - 5 bawang merah utuh yg kecil - 10 cabe rawit utuh - 1 biji asam kandis - ;Haluskan bumbu lalu tumis dengan sedikit minyak sampai harum. Masukkan salam,sereh,daun jeruk,jahe,laos. Beri air secukupnya dan santan sachet. AdukÂ² agar tidak pecah sampai mendidih - Masukkan ikan, kacang panjang, dan bahan pelengkap. Beri gula garam. Tes rasa. Masak sampai semua matang - ;6;/id/resep/4466842-gulai-ikan-mas-kacang-panjang
pindang serani ikan patin;500 gr ikan patin - 1 bh jeruk nipis - 4 bh bawang merah, potong tipis - 3 bh bawang putih, potong tipis - 1 ruas jahe, bakar, geprek - 1 ruas lengkuas, bakar, geprek - 1 ruas kunyit, bakar, geprek - 1 batang serai, geprek - 3 lembar daun jeruk - 2 lembar daun salam - 2 ikat daun kemangi - 2 bh tomat merah - 10 bh cabe rawit - secukupnya air, garam, gula - ;Cuci bersih ikan patin. Lumuri dengan jeruk nipis, diamkan sebentar, bilas hingga bersih. - Tumis bawang merah, bawang putih, jahe, lengkuas, kunyit, serai, daun jeruk, daun salam hingga harum. Tambahkan air, tunggu hingga mendidih. - Masukkan potongan tomat dan cabe, bumbui dengan garam dan gula secukupnya, tes rasa. Masukkan ikan patin, tunggu hingga matang (jangan sering diaduk). Terakhir masukkan daun kemangi. - Sajikan dengan taburan bawang goreng. - ;6;/id/resep/4453450-pindang-serani-ikan-patin
ikan tongkol bumbu kuning sunda;2 ikan tongkol, potong sesuai selera - 10 cabe merah - 15 cabe rawit/ sesuai selera - 2 ruas kunyit - 1 ruas jahe - 2 butir kemiri - 4 siung bawang putih - 6 siung bawng merah - 1 batang sereh / geprek - 3 lembar daun salam - 1 buah tomat - semuanya di uleg yaaaa - ;Goreng ikan tongkol set mateng - Tumis bumbu yg sudah dihaluskan : jahe, kunyit, bawang, kemiri, cabe merah, daun salam & sereh - Aduk sampai matang & harum, lalu kasih air sedikit & cek rasa - Setelah rasa sudah pas, masukan ikan tongkol yg sudah digoreng lalu tumis hingga air sedikit meresap - Daaaannn siap disajikaannnğŸ˜‰ğŸ˜‰ğŸ™ - ;28;/id/resep/4467411-ikan-tongkol-bumbu-kuning-sunda
gurame saos mangga;1 ekor gurame - 1 jeruk nipis - 5 sdm saos tomat - 1 sdm saos tiram - 2 cabe kriting haluskan - 1 ruas jahe - 1 bawang bombay - 1 wortel - 1 mangga muda - 1 gelas air - Gula - Garam - Larutan maizena - ;Balurin ikan dgn jeruk nipis + sedikit garam - Goreng dlm minyak panas - Tumis bombay dan jahe sampai harum - Masukkan saos tomat dan saos tiram - Tuang air dan saos tomat saos tiram - Bumbuhi garam gula lada - Kentalkan dgn maizena - ;6;/id/resep/4467393-gurame-saos-mangga
spageti tuna pedas;1 bungkus fettucini/spagetti - 1 kaleng tuna - 2 buah tomat, buang biji - 10 cabe rawit (atau sesuaikan) - 1 buah bawang bombay - 3 siung bawang putih - secukupnya Garam - secukupnya Minyak goreng - Air untuk merebus - secukupnya Oregano/italian herbs - Merica bubuk - ;Rebus spagetti hingga aldente, tambahkan garam dan minyak goreng. Tiriskan. - Panaskan minyak goreng, tumis bawang bombay dan bawang putih hingga harum. - Masukan spagetti bersama dengan tuna, tomat, dan cabe. Bumbui dengan garam, oregano. Aduk hingga rata lalu sajikan selagi hangat. - ;2;/id/resep/4467024-spageti-tuna-pedas
ikan kembung goreng saus kecap pedas;1 ekor ikan kembung goreng - Resep saus : - 2 siung bawang putih - 1 buah cabe besar - 5 buah cabe rawit potong kecil (optional) - 1 sdm kecap manis - 1/2 sdm bubuk kaldu ayam/sapi - 1 sdm kecap ikan - 1/3 sdm lada putih - 2 sdm minyak goreng - secukupnya Air putih - ;Goreng ikan kembung segar, kemudian jika sudah masak, angkat dan tiriskan. - Tumis bawang putih, cabe besar, dan cabe rawit dengan minyak panas sampai setengah layu dan harum, kemudian tambahkan sedikit air putih. - Setelah itu masukan kecap manis, lada, kecap ikan, dan bubuk kaldu ayam/sapi dan aduk rata. - Setelah itu masukan ikan kembung goreng yang ditiriskan tadi, masak beberapa saat hingga bumbu kecap meresap ke ikan. Jika sudah meresap matikan api dan pindahkan di piring. - Siap disajikan dengan nasi hangat - ;6;/id/resep/4467239-ikan-kembung-goreng-saus-kecap-pedas
sup ikan mujaer;1 ekor ikan mujaer - 1 ruas jari jahe (di geprek) - secukupnya Royco ayam - 1/2 sdt merica bubuk - 1 bh bawang bombay - 2 sdm minyak untuk menumis - 1 batang seledri (iris) - 1 batang daun bawang (iris) - Bumbu halus : - 4 siung bawang putih - 1 sdt garam - secukupnya Pala - ;Rebus ikan Â± 3 menit agar mudah dipisahkan dari duri dan kepala - Tumis bawang bombay, bumbu halus dan jahe geprek dengan minyak goreng. - Masukkan bumbu yg telah di tumis ke dalam air kaldu ikan beserta ikan yg telah di pisahkan dari durinya. - Masukkan merica bubuk - Masukkan daun bawang dan seledri - Aduk-aduk sambil cek rasa, tambahkan royco secukupnya. - Siap disajikan dengan taburan bawang goreng lebih nikmat - ;2;/id/resep/4467016-sup-ikan-mujaer
tuna asam manis;200 gram tuna fillet - 1 siung bawang putih cincang (untuk rendaman) - 1 siung bawang putih (iris tipis) - 1/2 siung bawang bombay (iris tipis) - 2 buah cabai merah (iris menyerong) - 1/2 buah wortel (iris tipis panjang-panjang) - 2 buah tomat besar - 1 sdm saus sambal - secukupnya Tepung serbaguna - secukupnya Garam - secukupnya Merica - secukupnya Gula - Kaldu ayam bubuk secukupnya (bisa diskip jika tidak suka) - 1/2 sdt tepung maizena (larutkan dengan sedikit air matang) - Minyak untuk menggoreng dan menumis - ;Potong tuna hingga ketebalan 1,5 cm. Lumuri dengan 1 sdm tepung serbaguna, bawang putih cincang, sedikit garam, dan sedikit air. Biarkan selama 15 menit sampai bumbu meresap. - Taruh tepung serbaguna di piring terpisah. Gulingkan tuna yang sudah direndam tadi pada tepung serbaguna, lalu goreng dengan minyak panas dan api sedang. Ulangi langkah satu persatu sampai tuna habis. Tiriskan. - Jus tomat: parut tomat, lalu saring agar kulit dan bijinya tidak terbawa. Bisa juga tomat diblender dengan air sedikit, lalu saring. Sisihkan dahulu. - Tumis bawang putih, bawang bombay, cabai, dan wortel sampai layu dan harum. - Masukkan jus tomat yang tadi dibuat. Lalu tambahkan sedikit air, gula, garam, merica, saus sambal, dan kaldu ayam bubuk. Koreksi rasa. Masak hingga mendidih. - Tambahkan larutan maizena sedikit demi sedikit sampai saus agak kental. Jika kekentalannya dirasa cukup, jangan tambahkan semua. - Masukkan tuna yang sudah digoreng tadi. Aduk sebentar, lalu sajikan dengan nasi hangat. - ;4;/id/resep/4466687-tuna-asam-manis
lele sambal kemangi delecious;5 lele - daun kemangi - bawang merah - bawang putih cabe besar - cabe kecil - tomat - terasi - royco - garam - ;"Lele di bersihkan dahulu lalu digoreng sampai matang - Buat sambalnya semua bahan tadi kecuali daun kemangi di ulek - Daun kemangi di cuci dulu - Siapkan ulekan biar enak kalau di ulek ketimbang di blender - Sambalnya di taruh di ulekan bersama lele goreng dan daun kemangi ditaruh pinggirnya - Siap disajikan dech ;) - ";3;/id/resep/4448519-lele-sambal-kemangi-delecious
cireng isi tongkol suwir pedas;â™š Bahan cireng - 250 gram tapioka/kanji - 20 gram terigu - 20 gram santan bubuk - 2 siung bawang putih parut - Secukupnya garam - Secukupnya air - â™š Bahan isian - Abon sapi/ ayam (me: tongkol suwir pedas) - ;Pertama rebus air secukupnya, - Siapkan wadah campur 250gr tapioka, 20gr terigu, 20gr santan bubuk, bawang putih yg telah diparut dan garam aduk rata. - Tambahkan air yg sudah mendidih sedikit-sedikit, aduk dengan sendok.. Bila sudah agak dingin ulen dengan tangan hingga kalis. - Setelah itu gilas adonan agak tipis, beri isian, bentuk sesuai selera. - Goreng dalam minyak bnyak dengan api sedang hingga kecoklatan.. Angkat dan sajikan. - Bisa diisi dengan sosis, bakso, ayam suwir.. - Untuk resep tongkol suwir pedas bisa dilihat pada postingan sebelumnya. Happy cooking ğŸ˜„ğŸ˜ - ;6;/id/resep/4466783-cireng-isi-tongkol-suwir-pedas
pepes kakap fillet;1/4 kakap fillet - 2/3 butir kelapa muda parut - 5 Bj cabe rawit merah/setan - 4 bj cabe keriting di potong potong - 5 Bj bawang merah - 4 siung bawang putih - 5 butir kemiri - secukupnya Garam - secukupnya Gula pasir - sesuai selera Penyedap rasa - Daun salam - Lengkuas iris tipis tipis - Daun pisang untuk membungkus - ;Haluskan cabe rawit merah, bawang merah, bawang putih, kemiri, gula pasir dan garam, tambahkan sedikit penyedap rasa. - Campurkan bumbu halus, kelapa muda parut dan potongan cabe keriting lalu aduk hingga rata - Kemudian masukkan kakap fillet ke dalam campuran bumbu tadi, lalu aduk aduk sampe rata - Setelah itu siapkan daun pisang, taruh potongan daun salam dan lengkuas lalu taruh kakap fillet yang sudah tercampur bumbu diatasnya. Lalu gulung membentuk seperti lontong - Setelah semua terbungkus, lalu di kukus kira kira 30 menit - Setelah matang kemudian di bakar. - Pepes siap di hidangkan - Selamat mencoba dan terima kasih. - ;3;/id/resep/4466325-pepes-kakap-fillet
bandeng kecil bumbu acar;500 gr bandeng kecil - 3 siung bawang putih - 7 siung bawang merah - 2 batang cabe merah besar buang bijinya - 1 ruas jahe - 2 ruas kunyit - Kemiri potong setengah - 1 sendok teh Ketumbar - 1 ruas Laos - 1 lembar daun jeruk - 2 lembar daun salam - 1 sendok teh garam - 1 sendok teh gula - 1/2 sachet Masako ayam - Wortel 2 batang potong panjang - Ketimun 2 batang potong panjang - 1 sendok makan Cuka - ;Cuci bersih bandengnya,lalu beri perasan jeruk lemon dan juga garam,tunggu 2menit lalu goreng smp kering,sisihkan - Potong wortel dan juga ketimun memanjang lalu cuci bersih,sisihkan - Haluskan bumbu bawang merah,bawang putih,ketumbar, kemiri,jahe,kunyit,cabe merah besar,garam dan juga gula - Tumis bumbu sampai harum masukkan laos,daun jeruk dan daun salam,lalu masukkan potongan ketimun dan wortel beri air - Setelah mendidih masukkan bandengnya n beri masako dan juga cuka - ;4;/id/resep/4466544-bandeng-kecil-bumbu-acar
sarden homemade simple;6 buah ikan sarden ukuran sedang - 2 buah tomat ukuran sedang - 4 btr bwg merah - 2 siung bwg putih - 1 sdm saos sambal/tomat - 1 buah jeruk nipis - Garam, gula - Secukup ny Penyedap - Tambahkan cabai jika ingin pedas - ;Cuci bersih ikan sarden, lalu buang kepalanya,kmudian kucuri dgn air jeruk nipis agar tdk amis, diam kan sebentar - Iris semua bumbu, lalu tumis sebentar. Potong2 tomat, masukakan jika bumbu sudah layu. - Aduk2 lalu tambah kan air, saos garam gula dan penyedap. Jika sudah mendidih masukkan ikan sarden. Jangan di aduk2 terus agar ikan tidak hancur. Aduk jika ingin membalik ikan nya saja, tes rasa. - Biarkan hingga air menyusut dan ikan di rasa cukup matang, kuah ny jgn terlalu banyak - Angkat dan sajikan. - ;6;/id/resep/4466346-sarden-homemade-simple
